﻿<?xml version="1.0" encoding="utf-8"?>
<publishData>
  <publishProfile publishUrl="D:\Wei\cs344\stage 3\TestCreationDeployment" deleteExistingFiles="False" ftpAnonymousLogin="False" ftpPassiveMode="True" msdeploySite="128.189.136.240/SAP/midfi" msdeploySiteID="" msdeployRemoteSitePhysicalPath="" msdeployAllowUntrustedCertificate="False" msdeploySkipExtraFilesOnServer="True" msdeployMarkAsApp="False" profileName="WeiServer" publishMethod="FileSystem" replaceMatchingFiles="True" userName="chliux" savePWD="False" userPWD="" SelectedForPublish="True">
    <file relUrl="Web.config" publishTime="11/15/2012 23:36:49" />
    <file relUrl="Site.Master" publishTime="11/12/2012 18:28:20" />
    <file relUrl="Account/Web.config" publishTime="11/12/2012 18:21:48" />
    <file relUrl="bin/TestCreation.pdb" publishTime="11/15/2012 20:23:30" />
    <file relUrl="Account/Register.aspx" publishTime="11/12/2012 14:29:08" />
    <file relUrl="Scripts/jquery-1.4.1.min.js" publishTime="11/12/2012 14:29:08" />
    <file relUrl="Account/ChangePasswordSuccess.aspx" publishTime="11/12/2012 14:29:08" />
    <file relUrl="Account/Login.aspx" publishTime="11/12/2012 14:29:08" />
    <file relUrl="Styles/Site.css" publishTime="11/12/2012 14:29:08" />
    <file relUrl="Scripts/jquery-1.4.1.js" publishTime="11/12/2012 14:29:08" />
    <file relUrl="Account/ChangePassword.aspx" publishTime="11/12/2012 14:29:06" />
    <file relUrl="bin/TestCreation.xml" publishTime="11/15/2012 20:23:30" />
    <file relUrl="Global.asax" publishTime="11/12/2012 14:29:08" />
    <file relUrl="bin/TestCreation.dll" publishTime="11/15/2012 20:23:30" />
    <file relUrl="Summary.aspx" publishTime="11/12/2012 18:27:04" />
    <file relUrl="Exam.aspx" publishTime="11/15/2012 23:36:19" />
    <file relUrl="Scripts/jquery-1.4.1-vsdoc.js" publishTime="11/12/2012 14:29:08" />
  </publishProfile>
</publishData>